Image,Label
24117,4
15322,4
14546,
8079,
13192,4
25927,4
3372,0
21781,
2847,4
16413,4
12090,
6937,4
28974,4
14484,6
22781,4
3906,4
10486,
10948,
23752,4
21219,4
24047,
12814,
2400,
30332,4
23728,4
28039,6
18669,4
22520,4
3143,4
16968,
18868,4
26489,
21931,4
9749,4
26124,
16546,
234,6 7
7855,4
3866,
4655,4
18332,4
17368,4
93,
26682,
23075,4
6200,6
20047,
9136,4
18778,
26346,
3741,
22863,
21698,4
21906,4
23453,
8557,
24638,4
5950,6
19639,4
11628,4
14064,4
15059,
11550,
29457,
7711,4
28287,
16158,
16094,
17654,4
6910,
12298,4
27935,
5019,
7200,
15279,
30383,
28803,4
23839,
11106,
13423,
21059,
17274,4
4877,
16478,4
26799,4
19310,
11810,
7545,4
26224,4
17400,4
23317,
8540,
24095,
22810,
29138,4
25457,
12482,4
10374,4
18976,
21236,
21795,
3205,
12001,
15198,
9496,4
21239,4
3992,4
17631,
6511,
20732,4
23237,
17306,
13989,
6382,4
9312,
7918,4
12438,4
26177,4
19690,
24692,4
29141,
14867,6 7
11685,
16588,4
21182,
6675,4
5055,6
17815,
25468,0
19774,4
8647,4
26626,
26529,
13483,6
2562,
17907,
25090,
25911,4
26669,
5650,
625,
12351,4
11959,6
28697,4
24250,
11019,
6084,4
30133,
10828,
11145,
3695,
18520,
15727,
14493,
16030,4
8573,4
14864,4
17530,6
831,4
27440,
28724,4
1552,
11653,4
11890,
13112,
27506,
24873,0
21744,4
14003,4
22395,4
10334,
8091,
23253,
968,
1025,4
12125,
29913,
12073,
11488,
23828,
10360,4
23296,4 6
16808,
10765,
13748,4
13202,
2519,
23017,
30772,
29489,4
11295,
22019,
26973,4
963,
10927,
8751,
25774,4
8397,
13806,6
12892,4 6
13939,
11031,
3099,
7959,
19407,6 7
30209,
30416,
14938,6
1796,
23465,
4477,4
25960,4
15529,
4110,
17200,
27503,4
16936,
13527,4
26580,4
12843,4
25833,
1541,4
9445,
30354,
27012,4
26496,
17246,0
7135,
312,
21149,
7010,4
25521,
26651,4
19033,
17490,4
7310,4
11406,
2667,
13961,
25863,
3989,
7145,4
18182,4
12808,4
1035,4
6049,4
18040,4
10305,4
2293,
15512,6 7
31033,
975,4
19791,
19773,
1388,4
17520,
23175,6
19323,4
27655,4
19117,4
28520,4
20653,
24414,
27349,4
15528,
1985,
9584,4
9424,
9306,
26924,4
19101,
236,4
20576,
20658,4
16093,4
14674,
17976,4
13171,
20353,
30153,
1086,4
10136,
12302,
5590,
8497,4
953,
8376,4
13638,4
6399,4
19792,
19077,4
16336,
26809,
18181,0
26950,4
9459,4
3182,
22509,
13067,
6100,
287,6
23,
11043,
30254,
23968,4
18381,
22366,
28406,
170,
1981,4
18672,
4149,4
18272,4
13917,
15285,4
27132,
16367,
17066,
18326,4
26368,4
25195,4
13973,
21978,
27469,
24903,4
20663,
2365,
7164,
20363,4
29503,6
21148,
19012,4
27823,
28605,0
3166,
6412,4
25160,4
2757,4
12748,6 7
19014,
28461,4
1088,
3023,
20123,
1353,
23435,
15524,
799,4
10553,4
8527,4 6
15884,
29242,4
10888,
29505,4
9815,4
15534,4
17839,4
22627,
22679,4
28292,4
7228,4
9896,4
10801,
4804,4
8249,4
5638,
4276,4
11115,4
23181,4
9130,4
13204,
8550,4
23811,
785,
9897,4
18069,4
16931,4
27502,
25773,
3718,
16294,
26718,4
19727,
7176,4
6907,6
30142,
6564,4
11188,4
27644,6
11561,
18628,0
17791,4
13757,
24588,6
23830,4
10522,0
415,
27965,
10148,4
28905,4
7586,
8065,
27791,4
24616,4
24883,4
22759,
12443,4
7796,4
5360,4
20530,4
3539,4
10557,4
16207,
28983,4 6
3916,
10943,4
1974,
21215,
14887,
4423,4
23885,
25082,4
252,
4734,
12199,4
26655,
14117,4
11082,
3480,4
25690,4
4712,
17195,4
2292,4
1012,4
17864,6
25861,4
8088,
9833,4
17162,
8789,4
22556,4
927,
23615,
3046,
24304,4
18817,
18873,4
25200,
22152,6 7
15630,
12114,4
15814,4
3825,
14655,4
31045,4
29209,
7474,4
12392,
27555,4
22764,4
11816,
15849,
27052,
17324,4
9065,4
9394,4
11415,
29976,2 7
5223,0
15597,4
25093,
1843,
1810,4
2544,
16058,4
21392,
24682,4
16456,
26654,4
1031,
12492,
11081,4
12713,
7388,4
17673,4
21080,6 7
9478,
13745,
19704,4
15078,
11800,4
6717,
23190,
16282,
6833,4 6
13802,4
5853,
2759,4
14037,4
18244,
17533,4
16596,
12687,0
12693,
7293,4
4245,4
8436,0
17806,4
5852,4
27024,4
12514,
18464,
30293,
8896,
28215,4
3119,
30027,
29350,
235,
16074,
19891,4
28236,4
49,
8637,
13700,6
2126,
13295,
11149,4
26450,
11471,4
28291,
4609,0
2092,4
5306,
30357,4
18558,4
18560,4
14284,4
4539,4
27299,
8417,4
30834,4
16352,
1641,4
27771,
243,4
18760,4
6656,4
8897,4
14188,4
30798,
19041,
9242,4
17620,0
1365,
26021,4
21146,4
5782,4
4757,
5686,
25945,4
13698,
13150,
1454,
9117,4
21350,
21105,4
27019,
19753,4
28220,
24636,
261,
14638,4
15424,4
22076,
16694,
6050,6 7
30588,
2591,4
20601,6 7
17358,
12715,
26919,2 7
7407,
174,4
27035,4
3309,4
2685,
27851,
20597,4
24715,
23124,4
26268,
6453,
7648,
11305,4
11313,4
28560,
5056,
5970,4
13119,
4293,
15622,4
14615,4
19864,4
17025,
23503,
16481,6 7
30966,6
23299,4
3598,4
28455,
6640,6
10525,4
22094,4
30159,
30062,4
25765,
25835,4
11132,
19743,
12145,
16770,
26281,0
27447,4
31067,4 6
19834,
2714,
633,
409,
10878,
11034,4
23434,4
14309,
13588,
824,
22270,4
13956,4 6
28142,
11999,
1598,4
7944,
21249,
23014,
24048,
954,0
6112,
17398,
17465,
8949,4
8510,
21829,
15842,
22722,4
1459,4
8564,4
18330,4
10900,4
14645,4
4535,0
29741,4
22271,
6659,4
3858,4
30933,
10161,
8766,
28378,
22949,
4729,4
5558,
7714,4
1713,4
16429,
4582,
4943,
21259,
930,
6147,4
214,
1801,4
28235,4
2310,4
23930,
25620,
19279,2 7
699,
12578,6
28846,0
30750,
11559,4
2478,
27773,4
14829,
23217,4
22883,
11636,
16416,4
8447,4
21737,
18405,
4286,4 6
6527,
3353,
10487,
2321,
6864,
18086,
6055,4
19208,
10080,
6557,
2643,
8343,
23934,
13822,
4543,
1239,0
11235,
22612,
2715,4
29271,
19353,
29795,0
12692,6
12955,
7768,
17373,
21469,
20010,
27997,4
25565,4
28947,4
27758,4
26525,
8143,
26437,4
24259,4
29796,4
18380,
22675,0
8676,
17703,
17717,4
22736,4
25207,
27753,
15184,
10410,
21757,4
12607,4
9672,
2017,4
13912,
1972,
25461,
8953,
20698,4
10785,4 6
30776,4
7421,4
14272,6
28339,
11163,
9129,4
3343,
22508,
2523,4
16611,
23809,4
31037,4
10193,4
5701,
28420,4
924,4
15061,
1792,
19224,4
4574,4
18460,
29866,
15274,
13422,
7266,4 6
30773,
27920,
2111,
187,
14086,4
19907,4
4151,6
22082,4
6616,4
21977,
23850,4
9934,4
4411,4
895,4
30192,4
15581,4
25658,
2207,4
9502,6
15353,4
3474,4
19064,4
29454,4
19257,4
17289,
5923,6
24778,
24272,
24453,4
11954,
5485,
21131,
8275,4
13349,0
15494,
2834,4
16203,0
27211,4
28621,
12558,
8372,
8358,4
11402,
30449,4
18339,4
3030,4
8893,
16586,4 6
18710,
28086,
12936,
8113,
29738,4
1999,4
16696,
1504,
8178,4
5116,
26857,4
12121,
24069,4
22897,
29550,
14679,0
30717,4
21211,0
5331,
12400,
29161,6
22830,
28371,
7435,
30893,
25790,
15508,4
14176,
27594,
16870,
4638,
10253,0
30733,4
581,
2862,4
5889,
21627,
26291,
18580,
3510,4
27565,
9908,
24609,4
19815,
6091,4
16913,0
11583,
8235,4
25077,
16368,
2720,
23320,4
22010,4
8228,4
30611,4
8982,
22715,
19476,4
2577,4
12653,0
16877,4
24922,
14477,
6462,4
27277,
13624,
10145,
23413,4
13143,
25563,4
4676,6
13470,4
7208,
14604,
4936,
16505,4
24083,
10663,4
3425,6
11794,
18342,4
7531,4
25735,
8478,4
11645,4
28517,4
23312,
29086,4 6
29028,
12282,
1569,
18484,
3058,
3717,4
22806,4
30703,
17938,
23148,
24798,4
1240,4
9622,4
14941,
21552,
3577,
15318,4 6
24057,
15754,4
29779,6
29047,
259,4
13526,4 6
15949,4
20617,
6928,6
2476,6
1651,4
3407,
25679,4
16835,4
9847,4
13572,
26674,
3193,
199,
14716,4
5529,4
26536,4
22079,
26888,4 6
7169,4
20575,4
19868,
6139,4
15296,4
28624,
18857,4
1573,4
23617,4
17412,4
17861,4
3583,6
18231,4
27436,
20466,4
19338,
26935,4
2925,4
15415,4
15217,
10570,4
10351,
1876,4
15082,4
15165,4
19713,4
25767,
27013,4
21098,4
27007,
4219,
7334,
3613,
10169,
9493,4
4448,4
13941,4
11374,
6637,
30470,
20968,4
1208,4
4470,4
2414,
17263,4
12211,4
20072,4
14886,4
30658,4
16705,4
20294,
27550,
13916,4
15299,4
21763,4
5198,4
18972,4
22732,
12825,4
7471,0
27939,
20719,4
12504,
23819,
758,
13389,4
13393,4
11964,
3629,
8017,
15975,
24004,
2454,4
31012,
24591,
26396,6
5512,
7237,
1304,
2065,
23037,4
27674,
7455,
24685,
12425,
6837,4
24771,4
12312,
12359,
5871,
2216,4
5818,0
16353,4
15307,
26554,4
3390,4
23145,
26121,
17730,4
4089,
28040,
9924,
24446,
12457,4
28118,
5654,0
18566,
11482,
4315,6
11697,4
5139,
2429,4
1152,
19550,4
14980,4
15417,
1038,
29159,4
17173,4
6145,4
22236,
12541,4
25218,
30766,
14215,4
13514,4
602,
14986,
28660,
19872,6
20158,
10892,
25996,
1232,4
19956,
5622,4
22072,4
5316,
27262,
25528,
3616,
15888,
30299,4
11127,6 7
25099,
4703,4
22081,
21012,
2072,
18081,4
17941,
2261,
23187,4
7457,
8458,4
2002,
15338,4
18082,6 7
19540,6 7
2161,4
9889,
29953,6
13142,
2249,4
18963,
5703,2 7
29551,4
23106,4
6750,
24519,
4087,
847,6
14810,
20411,4 6
21255,6
28921,
19308,
23911,
16476,4
2250,
25324,4
10020,4
8544,4
20816,
11168,
5475,4
8322,
28955,4
3477,
8716,4
18111,4
28480,4
23974,4
16815,
3880,
7287,4
4781,4
5695,
4591,
11748,4
23030,
10984,4
13591,4
3945,
29116,
12005,4
25722,
31025,6
6231,7
19568,
7437,
10610,
12100,
25726,
1396,
10542,
13253,
1540,
1589,6 7
27723,
20282,4
15658,4
21021,4
3078,4
23531,
2393,4
8597,4
6635,
15559,
6710,4
20591,
22995,
26634,4
12333,6
14078,
24842,6
23822,
15799,4
8645,4
13101,4
1658,4
8237,
24809,6 7
5600,4
4171,4
27543,
3062,4
23789,0
15631,
21760,4
8616,6
3615,
22026,
5083,4
14063,4
10335,
1473,4
4621,
20790,
28881,4
29249,
11296,
18316,4
25085,4
12458,
7220,
29552,6
26749,4
12791,4
10074,
29400,4
21982,
26491,
27432,4
4673,4
24563,
26007,
539,4
29826,4
10510,4
13606,6
5792,4
715,4
12761,
9051,
24860,4
10267,6
23206,
5532,2 7
15411,
27377,
1264,4
23668,
4394,4
19128,
7149,4
22473,
14488,
14789,
11669,4
22324,4
14815,
13848,
11677,4
27856,
27960,
13511,
24321,4
19485,4
19932,0
30508,4
7873,4
30849,4
25431,
15954,
5312,4
13020,
4951,4
13541,4
26524,4
414,
13405,
6625,4
20243,
26872,4
14314,
14131,
4139,
17550,
29194,
2284,
23815,4
30932,4
22614,
13458,4
9791,
21689,
12299,
7207,4
2508,
5087,4
18763,4
30646,4
25355,4
13810,0
1357,
11436,4
18807,6
8648,4
20447,
17287,
27911,4
27188,4
1329,4
19779,4
17814,
24298,4
3210,4
10584,
9395,4
10687,4
2076,4
15288,4
22042,
4970,
26367,
9691,4
19804,
5520,4
2923,4
19528,
27730,4
4333,
2775,4
19383,
17134,
14764,6 7
15461,4
5947,4
2458,6
17216,4
11637,
5608,
9774,4
5001,4
22222,4
14996,
1506,
25424,
22402,
14279,4
17388,4
8960,
5422,
14509,0
25816,4
9132,
28145,4
14049,
8334,4
22552,
32,
10513,
17196,4
16081,
30684,6
2787,
676,
2264,4
26754,
30846,4
14438,4
7588,
5280,
14693,
15300,
30586,0
7704,4
16260,
5030,
2563,
3323,6
14500,
22966,
10612,4
2162,4
4567,
3156,
6117,4
13668,4
3438,
18670,4
4491,
2434,
2507,4
15531,4
24550,4
12883,4
13478,
735,
11052,4 6
2066,4
14224,6 7
13120,4 6
15192,4
6599,4
27468,4
26311,
8471,4
24485,4
22746,
17860,
13365,0
2343,
24882,6
27266,4
2078,
28495,
28054,
3972,
10317,4
24584,
23242,
8466,4
13010,
23489,
28013,
24305,4
3847,4
14210,
6406,4
30596,
14741,4
29803,
15321,
21281,
30875,4
22227,
14599,4
16973,6
30335,
19860,
6000,
13337,
8909,
29031,4
17978,
20789,
2693,
4082,4
13440,4
6820,
21048,
7535,
21041,6
16859,
22311,
10981,
19613,4
14261,4
24277,4
14167,
11708,
26452,
11303,
3209,4 6
21338,
30816,
27625,
21803,6
29018,
2525,
25590,
9840,
23223,
12928,
20853,
22885,
21578,4
3678,
7733,4
22613,4
19135,4
26187,
19730,4
22420,
14836,
1602,6
6708,4
20488,
29828,
30613,4
28028,4
10603,
24032,4
2742,
12762,
21025,4
211,
17337,4
1992,
2733,
17171,
22526,
22669,6
20388,4
10222,4 6
29579,
189,4
20284,4
1276,6 7
13311,
22946,
23783,4
14977,
28288,4
29128,4
12096,
26360,
1962,
9515,
8021,4
9041,4
22433,
22982,
23566,4
3126,4
17962,
7387,
18429,
6113,
6509,4
26446,
3410,4
17450,
4754,4
24215,4
4611,
28053,
27591,4 6
27414,
17948,
13460,4
26412,4
25017,4
16639,6 7
26039,4
9245,
20800,0
12640,4
3442,6
1566,
28734,
12423,
30908,
12861,4
18579,4
18000,
30483,4
25750,
9233,
7424,4
9379,4 6
12358,
6163,
5106,
26273,4
10167,4
26395,4
50,
23128,4
3996,
27613,
9375,
25041,4
30882,6
20553,
7907,4
19960,
12981,6
8579,
4919,
2048,6
21863,4
15803,0
6446,
18247,4
19757,
27330,
11667,4
2421,
12662,
13782,
3878,4
26788,
19125,4
225,
2556,6 7
27547,
30753,
15019,
19526,4
13007,
2185,
1767,6
13352,4
24181,4
21416,
18664,
16028,4
5789,
15853,
11608,
13250,6
1951,
3367,
25043,
6162,
24556,
27774,
10915,
373,
23738,
20642,4
8689,
29817,4
7152,
10477,
7432,4
13227,4
2270,4 6
17936,
19238,4
2227,
14971,
17029,
22238,4
7844,
4800,
8299,
5694,
19462,
11958,4
21464,4
29868,
22273,
10139,
28105,
13816,
19386,
19004,
16227,
12534,4
24029,4 6
13264,4
12854,1 2 7
9926,
27926,4
11280,4
1256,4
11625,4
24418,
22667,
29922,
20796,
7550,4
21819,
26278,
19857,
23349,
24921,4
19392,
2863,4
5858,
23068,
23152,6
4148,
16552,4
16698,4
13814,
15982,
23955,
30429,4
25265,
12432,4
4683,
30000,4
9167,
5200,
21652,
30013,4
23820,
28108,4
29464,
28529,4
7069,4
26775,4
11889,4
15205,4
9506,6
11987,4
6789,4
28845,4 6
10428,
15683,
723,
30422,4
1966,
11176,6 7
19110,
1695,4
448,
7108,
5256,6 7
27422,4
19787,
5540,
15328,
20801,
10155,4
14496,
30147,
1140,4
27889,
1338,
27187,4
5539,6
5730,
21111,4
26573,4
25817,4
15840,4
1257,4
13570,
20258,4
23129,4
111,
4094,
28685,
26510,
29070,
18693,
28,4
9040,
7602,
381,4
22291,
25103,
4552,
20504,4
23998,
10442,4
19405,4
7811,6 7
24912,
9950,
9640,4
25262,4
6136,6
2018,
11518,4
18076,4
20302,4
2741,
17821,
4452,4
13247,
19381,
27493,
7930,4
4687,4
16572,4
3204,6
12253,
6559,4
29672,4
30373,
8286,
18037,4
20962,4
9994,
17051,4
20221,
10960,4
25579,0
9579,4
869,4
30082,2 7
17629,
13403,4 6
20116,
21023,
16951,
28956,
4370,
4348,
26033,
4778,
26100,
11674,
18563,4
15809,4
10846,6
7571,
5832,6
23282,
28209,
29706,
29447,
7056,6 7
15449,
7986,
16999,4
515,
58,
25063,4 6
11754,4
22,
6146,0
8412,
16314,
6440,
24045,
2853,
18142,
28262,
12404,
16327,0
2297,
2551,4
4878,
30025,4
4130,
21905,
23583,
9225,
4128,
21885,
7201,
7425,0
16162,4
19747,4
5874,
20494,4
8200,4
397,
6778,
20332,
18930,
11446,4
22919,4
8837,0
18526,4
15429,
27953,4
29539,
9656,
5265,0
13031,4
9873,
15343,
26563,4
24744,4
1983,4
29290,4
27815,4
9,4
26138,4
27365,
9026,
23647,
3448,4
19055,
4820,4
26480,
25070,4
25506,
10763,6
23179,
10664,4
13056,
14925,4
30161,4
15096,4
18213,
15114,
27764,4
10747,4
22517,
11412,
21288,4
1029,
21138,
6456,4
29582,6
18375,
27071,
20761,4
10394,
3384,
19480,4
29988,4
10391,4
14360,
11311,0
10585,
1875,4
18843,
20360,
17348,4
1864,
30238,
4809,
4750,4
11481,4
25992,
16804,
13228,4
25418,0
9744,4
19980,4
30467,4
29666,
25485,4
5147,6
13435,
18782,
8011,
6961,
12442,4
9827,
17771,4
14671,4
13286,
11678,
2666,
6408,4
11000,
678,
6601,
22784,6 7
14087,
22567,2 7
9598,4
2955,4
2410,4
24699,4
3614,4
8694,
23510,4
18003,4
24242,
17937,4
3976,
16830,4
15763,4
13579,4
15583,
20073,4
24602,6 7
29770,4 6
21329,4
21814,4
24077,
154,
10126,4
7507,4
18026,4
29381,
939,4 6
7468,
4056,
19870,4
20747,
8816,4
24384,
22106,
24503,
21094,
22378,4
18864,4
1414,
20783,6
24164,
19644,4
11545,
354,
15248,
25781,
26370,
6613,6 7
18428,4
11479,4
684,4
1604,
13671,
10924,4
9492,6 7
16868,4
8333,4
7371,4
3338,
26557,
25800,
24353,
1822,
18449,
9911,4
22156,
3495,
23462,
8045,
406,
6798,
9491,
7764,4
13229,
22055,
30514,4
336,4
21827,
604,
27971,4
21362,4
5990,
1942,
30784,
132,
22500,4
9190,4
6094,0
13626,
12305,
88,
12767,4
11392,
12344,4 6
7882,6
8135,4
1285,4
20029,4
5237,
10291,4
575,6
18887,6
28387,
863,4
28574,4
21709,
20809,
10515,4 6
8615,
28090,
27607,0
8683,4
12924,4
23058,
8446,6
2835,
3636,4
30858,
5057,
988,
9865,
6822,4
4469,4
15697,
10418,4
28343,4
314,
27747,
29917,
26029,
7486,4
12875,
8475,
30340,4
6490,4
13449,
4916,6
18783,0
28832,4
12576,6
20153,
9212,4
16890,4
14765,4
4588,4
10952,6
6713,4
14247,
7024,4
17087,4
30737,
30884,
23988,4
17335,4
10527,4
18587,4
29638,
12491,4
13274,
22342,
15489,4
1572,4
11219,4
10168,4
10426,
1282,
11528,4
30241,
9008,
12402,
20703,4
18880,
11066,
12369,4 6
27381,4
6523,
27343,4
902,6
4253,4
15612,4
13932,4
1377,
1626,4
18842,4
3822,4
24673,
24506,4
18362,
18206,
13012,
21762,4
22200,4
15753,
20323,
2784,4
21644,
5058,
23867,
654,
30477,
15341,4
26144,4 6
25534,
17609,
8518,4
507,
4942,
10779,4
28554,
1065,
22716,4
28738,
11676,4
15419,4
22756,4
6461,
8984,4
10589,
14401,4
29596,
5348,4
23227,4
15808,
8967,
6982,
2836,
6804,6
57,
22300,
1121,4
9202,6
10377,4
19736,4
8310,
15668,4
20230,
11099,4 6
17158,
9443,4
1301,
19688,4
30035,
14005,4
28447,
10364,
24834,
13006,
9138,
1961,4
27240,6
29830,
6153,4 6
12585,
30957,
21367,
7429,0
28925,4
14502,6
4482,
23758,
1978,
13487,0
14060,
762,4
24332,
9017,4
30810,4
22542,
31035,4
8208,
12907,4
18150,4
27632,6
19409,4
1323,4
5154,4
15706,4 6
4660,
16829,
11963,
21379,
21719,4
7117,4
10202,
1173,4 6
27656,4
17725,4
11684,4
8308,
13023,4
11056,4
12986,4
7197,
7395,
24358,
18924,4
9947,
6669,
20088,
23140,
11788,
6259,
20644,
4526,
24317,
29010,4
18519,4
6126,
13598,
26243,4
2930,4
8454,
17905,4
3882,4
21157,4
12994,
25302,
1221,4
31053,4
2694,
4933,
5041,6 7
2274,4 6
18523,4
9042,
19065,
17298,
17564,4
1575,4
20849,6
10723,4
27521,4
19805,4
9606,4
13684,
20111,4
25513,4
4204,
7110,6 7
2701,
7673,
27727,
20034,
10790,
20056,
18885,
20951,4
12954,4
14664,6
23762,
15332,
24193,
4772,
27763,
29258,4
18059,
17270,
23476,
13156,
5437,
9449,4
77,
5476,
24022,
11953,4
9792,
14495,
969,4
10839,
23257,
27206,6
421,4
11267,4
14196,4
31020,
28391,4
5165,
25502,4
19614,
29376,
15966,
7044,6 7
4497,6 7
1908,4
15516,0
18701,
8067,
21566,
28146,
4694,4
14927,
23551,
8159,6
29608,
9905,4
5323,4
22032,4
5487,
910,
6685,
5501,4
2488,6
30981,
19806,4 6
11787,
8686,
20656,
3088,4
3691,4
12746,
16434,4
28951,4
28781,
19292,
29933,
18607,
20556,
26847,
21567,
24756,4
5296,
24217,
23386,
14772,4
27244,6
25775,4
4255,
27169,4
23596,
5876,
8950,6
23392,0
27018,6
12382,
4596,4
15024,4
21393,
20835,4
16738,6
19610,4
24010,
16117,
24679,4
13016,
26673,
23304,6
5074,
29091,4
16447,
4824,
14103,4
17251,4
24889,4
14731,4
3050,
9240,4
9489,4
22845,4
7905,
25648,
14057,
30548,4
15485,
12776,
2558,4
6646,4
25108,
14149,
24631,4
6085,
86,4
29652,4
17873,4
26986,4
10996,
17997,
8326,4
4323,
6715,0
9440,0
28034,
22254,
20810,
28477,
17590,
29384,4
2110,
12885,4
585,
15972,4
9452,
5053,6
15421,
24541,
18640,4
12276,4
695,
8584,4
20942,
21626,4
16544,
17893,
29367,4
22147,
22417,4
12512,
5209,4
9646,4
4124,
8721,
8898,
24515,4
22131,4
2425,
23264,4
2894,
25854,
9505,4
17115,4
21483,
15368,
14186,4
1129,4
18227,
23427,
4405,4
5891,
7442,
18793,
29277,6
16343,
21210,
17820,
24062,6
4880,4
25425,4
5713,
19788,4
18567,4
5033,
15806,4
5495,
23134,6
15351,
1203,
13755,4
16023,4
20213,
4508,4
26261,4
1047,
10108,4
7046,4
25180,
21383,4
1021,
14252,4
21630,4
31014,4
6319,
8370,6
14556,
24082,
23174,
10851,
20813,4
26730,
15346,4
1881,6
24841,4
22672,4
10152,
26255,4
29568,4
2056,4
25599,
4661,
13384,6
8505,4
5,4
11373,
9818,
13178,4
13854,
19952,
1487,4
8483,
26528,4
4032,6
3091,4
16941,4
28226,
15760,
14398,
1574,
16323,
8081,4
16903,
30666,4
23368,
23597,
573,4
9337,
6530,6 7
23823,4
10635,
9465,
7740,4
29840,
15006,
9983,
23825,4
22056,4
10770,
17140,
14021,4
12411,6
19940,
17436,
5967,
21186,4
14281,
21843,4
26209,4
9933,
1066,
22161,
10324,
6345,4 6
6203,
16910,4
11704,0
30395,
25332,
1823,
4966,
28315,
26833,4
14054,4
23642,4
8921,4
23753,4
22879,
30165,4
8874,4
5497,4
22461,4
129,4
28158,
18530,4
18275,4
12887,
14632,
18850,
6755,4
8421,
30926,4
26816,
14248,4
20694,
7857,4
27675,4
291,4
14105,
13254,4
24479,4
18750,0
5073,4
23558,
11595,4
21587,4
6598,
30036,
22347,4
24660,4
28992,4
16863,0
10660,4
17267,6 7
16583,4
907,4
23666,
7956,4
7483,
8566,
30669,4
23137,
29593,4
23297,4
2259,4
10648,6 7
22306,
1696,4
16424,
9330,4
13958,6 7
22441,
4833,
13783,
26406,
27609,
20675,4
28833,4
15903,4
11673,0
28844,4
21322,
12768,
801,4
9358,4 6
7210,
1895,4
13055,6
1690,4
14504,4
16771,4
19424,
23074,
28335,
30622,6
26409,
13343,
22277,4
15481,
23945,
25891,0
23961,4
3418,6
8441,4
29541,
568,
18650,4
513,
24545,
6839,
6786,4
24707,
27831,
15276,4
27340,
10295,
16210,
1016,
26929,
3594,4
10345,
16649,0
22573,
12245,0
24106,
6647,
28793,4
2105,
14659,
23396,
9980,
18680,
29739,4
1753,
12345,6
22304,
29961,
2599,4
5161,
14937,
8148,4
25547,4
2490,
27449,
24906,4
9871,4
10696,
28765,4 6
9095,4
16015,0
9024,6
7911,
10518,
26220,
26093,
27235,
5893,
4230,4
814,
4906,4
5118,
27386,4
3404,
2504,4
26599,
5192,
13038,4
22198,
5719,
1431,
6048,
6999,4
12146,4
19937,4
1436,
2952,4
18093,4
7497,
12673,
11913,2 7
10256,4
2697,4
17755,4
22577,4
4999,4
1932,4
13316,6
8368,6
24958,
16035,
28807,
23408,
23682,4
22506,0
24101,4
22442,
5553,4
9610,
16068,4
29392,0
4647,
26056,6
23600,
27198,6 7
20608,6
11134,
14707,
26625,
21238,0
11813,
9090,
13883,4
13716,
18220,6
2669,4
28908,
26081,4
22610,6
25625,
18571,
25007,
30331,4
17510,
3100,4
8496,4
26053,
27936,4
30423,
9708,4
9577,4
219,
20549,
5493,4
28571,
5012,
9303,
25985,0
12046,4
4106,
24781,4
1043,
23043,
16350,
28719,4
5753,4
18831,
27996,4
10151,
4054,
29611,4
23881,6
24410,
11327,6 7
25979,
8914,4
13547,4
13276,
6287,
25577,4
30581,4
21584,6 7
22215,
20418,
16534,6
1699,0
16882,4
7500,4
28596,4
9301,
13152,
26339,
24397,
16385,
14413,
20369,
466,
20870,
11744,4
14025,4
8433,
10957,
26579,4
21334,4 6
30220,
600,
9626,4
4295,4
13258,4
18407,
27580,
27442,4
23585,4
20807,0
15021,
23011,4
331,6 7
22064,4
17508,6 7
8990,4
15690,4
17856,0
11140,
13191,
2815,
15015,
10777,
21751,4
2171,0
17285,
22943,6
18933,6
4069,0
4109,
16776,4
30526,
30850,
19217,4
4580,
2441,4
2533,4
17194,
26893,
22589,
12110,
24620,4
2196,
16442,
11407,4
11476,
20163,
19682,4
4133,
22874,4
21672,
2796,4
8189,
17810,4
12664,4
13122,4 6
4415,
20132,4
29215,6
4049,
20717,4
3869,4
9483,
14322,6 7
27784,4
18253,4
29991,4
30150,4
1249,
12412,4
16689,4
10464,
28936,
30865,
6861,4
3750,4
23578,4
11988,
3280,4
5075,
21807,4
10879,
30799,4
16784,4
2150,
12641,4
16487,4
22122,
119,
11881,4
18318,4
23941,
12249,4
8760,
27563,
30844,
24766,
22601,
24943,
24851,
6291,
2582,
12486,
17425,
31032,
5598,
11895,
24137,4
11408,
24933,
9414,4
23010,4
2071,
30080,6 7
29017,
28785,
23541,
8665,4
12430,4
10941,
14134,4
6705,
353,
3877,
7804,4
8085,4
30217,
1666,4
14788,
10617,6
22203,4
24231,
9733,4
4262,
14065,4
17257,4
25257,
17282,
12451,4
14007,4
845,
18333,4
16528,4
101,4
14515,4
20184,6
24244,4
28251,4
8983,
21460,4
29197,4
26011,
1049,4
22696,4
13269,4
24561,4
9665,
30828,
5182,4
17729,
25868,
8183,4
8166,4
13347,4
12234,
17694,4
30917,
18161,
10194,4
14952,4
15426,4
22603,
5412,
11521,4
7577,
18912,4
319,
30201,4
28010,
313,
22744,4 6
11536,
908,
12496,
2263,
14673,4
5665,
29132,
26432,6
29247,4
21831,
31002,
5877,
25955,
8886,
9669,4
23545,4
4825,
28707,
27879,6
26555,
21364,6
19750,
15380,6
8039,
25530,4
14475,
8181,
22014,
9121,
23457,4
17765,4
15628,
4472,4 6
18267,4
7195,
18893,0
24852,0
29178,
3349,
9741,4 6
4534,4
20573,
23344,
9758,4
24349,
27795,
9343,4
3014,4
8394,
16488,
24782,4
23854,4
7244,
3630,4
8554,4 6
8757,
12390,
20689,4
25877,
29742,
22910,
14994,
26274,4
12714,4
10257,
7461,4
26807,
10099,
5729,6
14587,
12681,
26445,
11567,4
17494,
9178,
30048,
27149,
4600,
21473,4
23438,
25560,4
5366,4
26725,
28188,
28932,
24553,
8010,
16150,
11375,4
16977,
16553,
21501,
7876,4
26666,7
28081,
23708,4
15160,4
28044,
21711,4 6
3632,
24323,
19523,
29294,4
10011,4
11946,2 7
20661,2 7
15442,
7350,
30705,6
27755,4
14299,6 7
22775,
6533,6 7
24115,4
9955,4
30398,4
14357,
7860,
26663,
20371,4
8739,
23495,6
19548,
23866,6
26617,4
30393,6 7
22782,
19938,
6916,
12296,
11968,0
27077,
26325,
22049,4
6631,
4937,4
29370,
14735,
14698,
24955,4
30151,
30681,4
6370,
26541,4
12162,6
477,4
12489,
1379,4
25857,
5615,
8531,4
20279,
14589,
21723,
1254,4
2081,
15470,4
16954,4
2575,
15545,
22133,4
19900,4
6922,
30746,4
22393,
7772,
15731,
24419,4
9997,
21032,6
11370,
20215,4
24653,
7482,
28651,4
28667,6
27017,4
26086,4
21926,
27289,
7863,
10304,4
5462,4
18463,
29687,0
8247,
26057,
24315,4
836,4
4658,
3185,4
22749,6
17125,
21800,4
20039,4
6304,
1789,
5375,
26003,
23192,
13332,
26099,
24202,6
4284,4
4868,
4401,4
9664,4
5044,
4152,
26724,4 6
23695,
16594,
12000,4
30120,
1652,4
24502,4
6887,
25442,
194,0
2883,4
20100,4
26797,
1743,
10492,
13100,4
10706,6
14803,
153,6 7
20186,6
31019,6
21940,
18593,
25988,4
3376,
8918,
17545,4
13308,
959,0
2572,4
8150,4
2943,
13387,4
13699,
24286,
12726,
12151,4 6
19562,
25339,0
12278,4
4675,
15997,4
4548,
26514,4
1954,6
15541,4
30809,
16248,4
274,4
28952,0
22206,4
19267,
17297,
8927,
22150,
19307,
16651,
22035,4
28261,4
25672,
44,4
164,
9727,4
15450,4
8214,4
10383,4
24183,
22908,
15800,
128,
29980,
17086,
497,
26185,
30274,4
5822,6
4654,
10331,4
548,
26812,4
26461,
19009,6
25783,4
15615,4
435,4
12631,
10034,4
24097,
20987,
21866,4
15818,
27092,
12770,
9074,
18994,4
11160,
3040,4
2363,4
26772,0
30026,
17823,4
28531,
23586,
25931,4
1083,
30128,4
7549,4
30712,4
1780,4
12187,4
23938,4
1827,
15324,
27212,
15985,
14179,4
10292,
22518,
15292,4
15490,
12150,4
28428,4
21508,4 6
14609,4
8521,6
20438,
7746,4
8477,
27039,
16070,
950,
18444,
20499,
28635,
21154,
14997,
28493,4
20404,4
5325,
1247,
3574,4
22926,4
546,4
3558,
2229,4
20508,
30203,
7485,
8383,4
29136,0
2631,4
9525,4
11172,
11603,
4780,4
15983,4
11556,
14708,
21736,4
1243,
16991,4
22948,
3139,
28438,
20531,
17064,4
3514,
2651,4
12147,
13165,
11860,
7443,4
19635,4
10293,
18358,
28704,4
27197,
10232,4
469,4
13436,4
29732,
17847,
7605,4 6
19611,6
5846,4
17748,4
27514,
17307,4
1245,4
13358,4
9880,0
29331,
483,
24495,
19212,
18160,
16099,
6737,4
4031,4
26052,
14150,4
3671,
3306,
20868,
21837,
10174,
15390,4
11433,4
24034,
21839,4
7430,4
218,
22758,
18325,
14565,4
16095,
28485,4
11984,
501,
18169,4
2020,
21056,
16007,
1808,
20310,4
20541,
24902,
24470,
2795,
21431,
7299,4
9907,
1474,
30490,4
28869,
7501,
30019,
11829,4
30167,
5785,4
10908,
637,4
10484,4
8424,4
702,
5671,
29065,
15886,4
22486,
29286,4
21937,4
16057,
7088,
9360,
1718,4
8058,
29895,
16937,
30440,4
12472,4
9996,
18946,
10797,
74,4
9582,
13019,
6872,4
8362,4
4060,4
28419,4
9561,4
1034,4
28184,4
20823,4
5868,4
8824,6 7
29853,
14626,4
13126,4
9436,
28365,
10091,2 7
30502,
2339,
13208,
30873,4
25921,
6684,
28933,
17964,
4787,4 6
4686,
25734,
30256,
12904,
19178,4
30374,4
28673,
5094,4
14866,4
8455,
15391,4
21844,4
31026,4
5614,
10975,0
15317,
18913,4
1568,4
24303,4
16378,4
5120,4
5867,4
6023,
29530,4
15451,4
26340,4
29553,0
9887,0
10421,4
11086,0
30317,0
29645,
3470,
27323,
9730,4
20973,
17916,0
23675,
24460,4
7870,6
3433,
14298,
13812,4
18309,4
2650,4
7364,4
23474,
6772,
1547,
14888,
23763,4
29845,
14039,
7671,
27231,
2505,
27647,4
30857,
17800,4
7143,
745,
28625,
26130,
7199,4
24717,4
5702,4
20542,4
27446,4
24198,
12256,4
3764,0
17225,
3059,
9637,4
17966,4
28812,0
17434,4
14841,
6688,
11975,
26199,4
17953,4
15091,4
5066,
23508,
1619,6 7
29123,4
10017,4
29361,4
12045,
18458,4
20571,
11973,4
15961,
18431,6
15472,
27586,6
6193,
9684,4
29755,
10998,
5089,4
2300,4
12206,4
20577,
26040,
17445,6
21869,
29733,
28840,
11049,
17920,4
16401,4
12914,4
20621,4
24891,
4421,4
16092,4
30255,4
13890,4
18282,
7820,4
9872,4
6390,4
4183,
9861,4
14326,4
4300,
5801,4
11692,6
666,
4157,
19666,
809,4
23776,4
28868,
4483,
25886,
6422,4
489,
6575,4
6895,4
23575,4
10190,
2329,4
19260,4
17891,
2118,
2452,
8841,
24875,4
3345,
24770,4
12577,4
19072,4
20264,4
14311,
8098,4
21108,
1861,
9107,
11368,
22065,
19590,4
17095,4
30162,4 6
24204,4
30258,
5786,
11702,0
1491,
5219,
14341,4
13731,4
17011,
9356,4
23577,
26390,
30206,
25970,
28049,
22568,
14486,
11054,4
5926,
17253,4
24599,
8662,
4418,4
11875,
21002,
6232,
4181,4
28579,
3389,4 6
29569,
27367,6
13752,
6373,
24924,
21624,
10227,
12584,
24476,
7414,6
9010,
6363,4
1014,
9701,4
24505,4
22951,4
23027,
8869,
371,
13963,4
30011,
26088,
29187,
19716,4
6155,
2200,
9122,4
26861,4
13355,
917,
12019,4
20659,
4537,4
28141,4
2841,
20200,
8337,
1548,4
5599,
20290,4
15851,
1219,
17854,
29109,
22528,
191,4
16342,
3469,
24714,4
2751,4
10003,4
2988,
6694,
22326,4
5177,4
13726,4
24258,4
1637,4 6
645,4
8906,4
6226,
391,
7295,4
15473,
30369,6 7
11728,
20225,4
24325,
12419,
16622,
21443,
22954,
1759,4
25291,
16518,4
26386,4
17290,
15599,4
19692,
14848,
2945,4
11880,
21120,
1267,4
1117,4
24862,
9822,4
4416,
23301,4
24826,4
7637,
4794,
9715,6
10951,
24218,
25514,
7150,4
23130,4
25593,
2792,
14055,
6272,4
13944,
6932,4
14540,
21428,
29760,
8242,
25282,
24235,
29078,6
12876,6
26069,4
20318,4
20204,
11639,6
15709,
7628,
10788,4
5343,
6549,
2055,
21665,4
3541,
27431,
6660,
21812,4 6
7563,0
26581,
10106,
25688,
14442,6
11734,
3164,4
29806,
23079,4 6
14506,4
27946,
23232,
631,4
14130,4
25386,
20070,
7646,
30341,4
18273,
1344,4
26648,
17345,4
18878,4
16047,
19637,
26299,4 6
13030,
2233,0
15879,4
9425,6
21833,
15083,4
23048,
22105,4
10453,
9171,
19721,4
26122,
25172,6
25030,
1900,
821,
12367,
20179,
587,
15314,4
4610,4
23690,4 6
25515,
14333,
24200,4
5452,4
30388,
2366,
15269,
22704,0
20387,
9165,
27677,4
22066,4
19664,
11474,
1758,4
24033,6 7
30410,
13795,4
23183,
13053,
19985,
27874,4
22338,4
28140,4
18196,
30935,4
1607,4
22992,4
28692,4
28498,4
28731,4
30827,
16700,
29121,4
18614,
28716,4
12243,4
28537,6
16085,6 7
24368,
29536,4
4714,0
22962,4
10609,
2146,4
15033,
12695,4
7248,
385,4
20928,6 7
10789,
27775,
30660,4
1628,
6308,6 7
5978,
30049,
18413,4
1069,4
13959,6
24388,
13104,4 6
18668,
7102,4
15468,
4625,7
9020,
618,
18386,
14050,
25140,0
8690,
3230,4
20386,6
11950,
6543,
1300,
27845,4
681,
17183,
21237,4 6
11379,
1039,4 6
21671,4
30719,6
18495,
22462,
10431,0
5353,6 7
19387,
15277,
30796,4
30554,
17047,6
22661,
24136,
25826,
23295,
14313,
1952,4
12281,4
14317,6 7
29233,6
11425,4
1387,
23547,4
10680,
22597,
22339,
17549,
19671,4
26737,
24324,4
23226,6
10301,4
15705,
29722,4
4449,
3740,4
4592,
8380,4
20028,4
3380,4
7260,
1375,4
333,
19628,2 7
7314,4
26018,
23056,
29994,4
30309,
24691,4
22762,4
21683,
21976,
17109,
5788,4
19335,
12272,
1816,
5997,
29623,
29461,4
26763,
17612,4
15796,
1969,4
10579,
11878,
17514,4 6
4773,
28415,
18409,
5007,
23109,
18397,4
4050,4
9868,
16533,
22964,
23199,4
26911,4
18310,4
11823,
6356,4
19884,
25825,4
20277,4
19133,4
22636,4
8170,
22898,
33,
8525,4
30728,4
293,
2745,4
5250,
2479,
1977,4
2940,4
26768,
26656,6
20477,
3282,
27577,6 7
24212,4
1919,4
29135,4
30267,4
9940,
24110,
17375,4
30421,4
29506,
28841,
12259,
362,
18725,
6441,
25614,4
4202,4
11976,4
20180,
4288,
20253,
29678,
21386,2 7
478,
4305,4
7978,6
29260,
6799,
16690,6
23705,
14278,4
630,
19044,4
17418,
21446,
12044,
5697,
8494,4
5958,4
30805,
10644,4
23581,4
15456,
20489,4
24206,4
4127,4
7132,4 6
1528,4
28964,
1161,4
11020,0
6763,
9437,4 6
8985,4
15291,
30755,
18042,
7469,
9014,
21715,
30567,4
8493,4
19315,4
8905,
19748,
22315,
23362,4
3788,4
17409,
17442,4
18987,4
28100,
28218,
25141,
17651,4
25524,6
10686,4
21268,
19987,4
5064,4
17701,4
29273,
23742,
8224,4
22216,4
1435,
22164,
25551,6
18123,
9885,
21750,4
13529,
27895,
25390,4
9185,6
27091,6
3085,
23980,
7861,
1828,
9857,
7390,4
3576,4
1001,4
9692,
4058,
19742,4
1456,
30768,
23375,4
27400,
16061,4
11259,
21743,4
7270,
19059,
18928,4
30248,4
21840,
27931,4
8695,
15350,6
12569,4
9984,
9530,
23863,
19190,
7034,
4278,
28784,
2315,
24720,4
24817,4
22538,
9794,4
748,4
29074,
13029,
30323,
29878,
13081,
1393,
11465,4
21536,4
20140,4
7782,4
5980,
13998,
8617,4
3307,
13957,
27130,
14973,4
27978,
30386,4
12209,4
24521,4
7041,4
11578,
8583,4
10799,
15098,4
25706,
10699,4
15826,4
20752,4
25477,6
18056,
16547,
17594,4
26800,4
12648,
24066,4 6
13564,
11269,
29412,4
7496,
5805,
38,4
21256,
4624,
19604,
3696,4
1481,
7368,4
6186,
10315,
25471,4
20448,
4136,
16522,6 7
14245,4
23767,4
12831,4
2349,
11799,4
16455,
19819,
6035,
24288,6
2144,
16526,6
5884,4
21400,4
24252,
8104,4
2736,
17473,4
662,4
28653,
2443,4
1313,
17931,4
18496,
20035,4
29179,4
1570,4
15505,4 6
1214,
23062,
26801,4
27430,
3997,
5736,
23111,4
10727,
4488,4
16005,4
24867,
8186,0
30910,4
3439,
11277,4
20958,4
19893,
10176,
19461,4
21286,4
7209,4
25034,0
7661,
16857,4
23898,
4172,
8720,
1446,
1993,
730,
28093,4
24381,
27438,
22958,
4493,
22330,
12589,
14962,
17512,4
30426,
26610,4
23620,4
8533,
8954,
8723,4
4159,4
16924,4
17240,4
20478,4
4590,
10776,4
26163,4
13986,4
20066,4
16898,4
25903,4
17567,4
19259,
1292,
3924,4
13942,
17331,4
19782,7
16514,4
30131,7
29891,
8595,4
26233,
16409,
3097,4
26139,
1782,4
18293,
754,4
29955,4
30365,4
10209,
25864,4
27820,4
25711,4
28594,
6002,
19585,
22853,
20871,4
16683,
9474,
4409,
5685,
7402,4
8444,4
22370,4
8722,
18071,4
25646,
29008,
3742,4
13603,6
16135,0
3876,
17592,
1711,
4986,6 7
28976,4
17719,
27481,
27765,6
10627,
6294,4
25411,4
29372,
6781,
25097,4
26517,4
6251,
13261,
15048,4
23827,4
22040,
20340,0
23847,4
23893,
24688,
29092,
22849,6
6417,
24866,
29545,
18305,
18088,4
6827,4
9821,
26143,
24390,
22814,4
26333,0
1678,
23599,
7298,
20705,4
27603,4
19991,4
24246,4
20657,
17581,
2979,
17303,
21213,
3443,4
26490,
8402,4
29325,4
5857,
19970,
4829,
12827,6
5262,4
22857,
26150,4
12064,
24273,6
15378,
2546,
4426,
10476,
1795,
20401,4
28486,
29052,
16714,4
21690,
11533,
26922,4
10743,4
1571,4
27509,
6104,
8902,4
3620,
9654,
5155,4
21301,4
15123,
17353,4
6080,4
26059,
16679,4
97,
23632,
983,6
1946,
25447,4
4017,4
3728,
3140,4
6152,4
15640,4
5659,
14696,
4546,
22623,4
2,
10004,4
4456,
14774,6 7
19911,4
19923,4
19427,4
18414,4
24705,4
3158,
25913,4
27517,
19897,
28176,
13938,4
28637,
9859,
12416,4
21104,
7271,
3572,
20552,
25107,
19432,
12999,4
14828,4
2684,
16281,4
27701,6 7
2267,4
16958,
20937,
10581,
14217,
13885,
25351,4
5510,4
20797,
13525,4
3730,
19232,
66,4
12339,
26701,
13201,
6076,4
8059,6
14809,4
28578,4
30196,4
10211,
15907,4
7642,4
17574,4
28606,4
19321,4
19165,
19031,4
18794,
8965,
12912,
27957,
21191,
29152,
21956,4
3953,
11174,
11901,4
2618,
5606,6 7
25365,4
993,4
24920,4
5592,4
16654,4
28295,
12207,4
12347,
30344,
26532,4
3244,
16022,4
5063,4 6
3248,
13857,
11670,6 7
7694,
11495,6 7
10507,
18599,4
8795,
6025,
10271,
275,6
30434,4
24328,
5402,6 7
15084,
20723,4 6
23700,6
10007,
27161,
7095,
13750,4
17607,4
29936,4
9543,
26769,6 7
20127,4
24171,
2932,4
21730,4
9364,
30084,4
11390,
22503,
10055,4
16663,
115,
3771,
5680,6
4001,4
30585,0
26113,
14148,4
28325,
28008,
30881,
26903,
17614,
25268,
18616,4
18611,4
28328,
3595,4
15835,0
19888,
22319,6
11237,4
9170,4
27120,4
8218,2 7
17078,6
14076,
16997,
10512,
17787,
8911,4
22368,4 6
6377,4
11247,4
24342,
6783,
12972,4
17690,4
6650,0
11502,4
9586,6
6317,
17799,4
1195,
16972,
1428,
14858,4
9009,4
26570,4
23661,
19399,4
8177,4
22642,6
23067,4
9970,
13313,
20977,4
11689,
8514,4
9141,
30963,
3506,
9644,
9602,
2528,4
29124,4
5281,
30888,4
13499,
10258,
3677,
4135,4
13402,4
298,
1729,4
1196,4
13089,4
16408,4
133,
21030,4
6747,4
18553,4
23162,6
25794,4
5772,
7955,4
19720,
21040,4
24432,4
17789,
21983,
310,
26454,
11248,
2907,
29077,4
19382,4
13800,4
15496,
25168,
12866,4
11762,4
140,
8413,6
12105,
14425,0
3004,0
1055,4
22044,4
20993,
1230,
231,4
24052,
9405,
6045,
21534,
21635,
15881,
23330,4
23548,
11499,
29248,
3350,4
11484,4
25120,
22002,4
9409,4
22452,
17921,4
15891,
14491,
21797,4
13539,
3160,4
21970,
12642,
14042,
30075,
7214,4
26631,
19121,
8102,4
4367,4
18404,4
23151,4
23212,
27731,4
24201,
23971,
12024,6
10624,
2222,
7638,4
15016,
1445,
24723,6
17053,4
25156,
25274,0
22745,
250,
5827,
9204,
23447,
9037,
20572,
22529,
24738,
29022,4
19150,
22199,
19329,4
5528,
19967,4
3602,4
13769,4
12821,4
14649,4
28705,
1975,
56,
15126,4
22906,4
5398,
9707,4
19071,
22502,
20458,
27363,
2257,
11826,
21882,
15914,4
1967,
30045,4
22362,4
27711,4
11418,4 6
1099,4
9102,4
932,
12219,
13085,4 6
17968,
2678,6 7
13531,
13057,
24537,6
10540,4
9807,4
8324,
27712,4
29063,
28195,4
17583,
19363,
26468,6
5712,4
23388,4
12862,4
7278,4
11057,
26927,
6788,
2154,
14967,4
24606,4
16439,
13428,
23935,
4665,6
20721,
19211,
17713,
6460,
28453,4
23153,
24383,
8225,
29642,4
2469,4
28169,
24477,
6007,
27452,4
1559,4
1095,6
8671,4
18789,
5242,4
15977,
12338,4
6990,
15254,4
4299,4
20220,
12923,4
23793,4
21558,4
13662,
8750,
17760,4
18321,4
16584,4
28435,4
1354,
3260,4
10182,4 6
10872,0
23900,4
19930,
18973,0
24789,6
6229,
9883,
29610,4
20636,
13711,4
18508,
11299,4
4168,4
22747,
20431,
13743,
3360,
26720,
29592,4
15700,
26393,
21064,4
23625,
6110,4
22776,4
11777,4
14874,
784,
24074,4
17637,
30628,4
21294,
8205,
24986,4
21060,
23147,4
8409,4
25548,
23286,
30252,
13039,
22332,
16902,4
6551,
3888,4
3590,4
21370,
15772,
6227,
6593,
27538,4
4196,
6015,4
1220,
30951,4
15463,
7354,
27840,4
11994,6
29751,4 6
29040,2 7
14228,4
1074,4
29499,
27983,
5090,
27605,
10457,
4097,
10850,
8167,
20485,4
1052,4
17906,4
18541,6
9189,
664,6 7
19814,0
9480,6
25762,
6663,
13997,
19478,4
18877,
19835,4
4993,4
3523,6
19130,
29728,
23281,4
23224,4
18907,
4932,
16775,
28014,
11005,4
8727,4
900,
15239,4 6
24946,
20832,4 6
4164,
3451,
21062,4 6
28144,
13534,
30994,4
25656,4
18468,4
6197,
10110,
25661,4
453,
26511,0
14657,4
15787,4
5113,
19803,
19143,4
740,
10400,
7446,4
18654,
14239,
5908,
17471,
10354,
19975,
12846,4
12793,
24979,4
5386,
19603,
15537,4
27941,6
14899,
3528,
8524,
6383,
19705,4 6
228,
10726,4
20402,4
195,0
12294,
15931,4
20909,4 6
22561,
12203,4
2026,4
23771,
28183,4
16261,4
17349,
1686,
25527,4
4501,4
6749,6
30826,
28575,2 7
10175,4
16404,
28813,4
2001,
29477,
2486,4
31028,6
6058,6
29105,6
26012,
29899,
17774,
8618,4
27311,4
7403,4
14529,
7718,
4831,
10081,4
13491,4
1279,
11096,
30775,
18297,
11489,
20854,
7023,4
4705,
15927,4
21951,4
25721,6
28203,
13309,
20150,4
800,4
18379,4
28722,
24747,4
11141,4
28761,
26518,
11383,
2679,
20712,
28057,
2809,4
14570,6 7
12658,
24731,
25509,
16962,4
4893,4
12106,4
6522,4
29056,
21129,4
17227,4
25780,
17174,
28942,
30683,4
2247,4
27593,6
12764,4
2211,4
46,0
2514,
11597,4
12657,4
6801,
18277,4
28389,4
7120,
29657,4
14001,4 6
17487,4
25466,
8975,6
21421,4
19836,4
25778,
14919,4
30141,4
24727,
22497,4
16241,4
16276,
13163,
1248,4
9673,4
15793,4 6
18847,4
18775,
9369,
27217,4
10734,4
24510,
23270,
26586,4
7665,4
3588,
17727,
4521,
16620,6 7
11660,
10266,
4334,4
20981,
18020,4
16670,
25366,
29694,
21497,
1398,
20475,4
27233,0
5384,
19992,
9514,
21582,
29612,4
10470,
26564,4
18774,4
22246,
8469,4
16861,
8319,4
21739,
16943,
27805,4
20434,
18109,4
2228,
12939,4
8440,4
18451,4
28256,6
9777,
9244,4
31065,
21106,4
20934,
25285,4
19964,4
23390,4
15525,4
5307,
7996,
888,
9012,
6295,4
12601,4
22159,2 7
24696,
10934,4
17630,
24726,4
12815,4
29785,
17027,4
28767,4
5173,
1169,
30655,
19849,4
24234,
7445,
4515,4
18748,4
27119,4
16036,4 6
15804,4
7341,
21348,4
26902,
593,
24301,4
12235,4
16389,
5461,4
26024,
16191,4
29316,
13293,4
13427,6
24587,4
21733,
18415,
20744,
29034,4
23039,
25330,4
12652,4
15200,
2128,4
13926,
13886,6
23595,4 6
4730,4
27816,4 6
23095,4
24990,6
1197,4
18683,4
11634,
6970,4
2766,
15077,
16615,4
19318,4
28552,4
2140,4
29236,4
25491,
16328,
3970,
12179,4
21646,0
15418,4
367,6 7
19210,4
15282,
30657,
18139,
23729,4
26119,4
3601,
16854,4
13105,
10425,4
23910,
18024,4
12318,4
10,6
2027,
8068,
8947,4
20440,4
14819,
8958,4
15533,4
22205,4
16981,
1131,
13775,4
4154,
18562,
8553,4
20364,
332,4
20947,4
17254,
10441,4
8029,4
19456,
18008,0
14254,4
12795,
15227,
4921,
12968,6
17827,4
11151,4
21486,
1159,4
23861,4
1228,
11230,4 6
4486,
17666,
11922,4
24281,4
5991,4
14080,6
3681,4
3649,4
11822,
24949,
10375,
18084,4
11093,4
10502,
26696,
1265,4
24049,
19560,4
29049,4
6759,
502,6
13851,
7893,
18765,4
9381,
20008,
29591,
29736,6
2904,
22476,4
18870,4
19048,
15392,
25525,
11058,4
20624,
6378,
12380,4
16777,
23646,
1591,
15588,4 6
2963,4
24939,4
8349,6 7
1750,
3692,4
30110,
30607,
14296,
8932,
12820,6
8651,4
2755,4
25624,4
2448,4
528,
28580,
556,4
12630,4
10070,
30009,
697,
27312,
1825,
17045,
10387,4
10463,
3385,
22778,6
26590,0
13236,
6900,4
18202,4
11286,
3787,
10146,
6993,4
27678,
5560,
5164,4
30261,
5603,4
11278,4 6
6620,4
14091,4
27483,6
23549,4
2352,4
1048,4
25304,
12725,4
5668,
23146,
13815,4
10294,4
20265,
5359,4
6130,4
20081,
5504,4
12195,6
21430,
18135,4
18371,
12056,
9111,4
25445,
2226,
2003,4
22527,
19291,4
27515,
30443,6
21600,4
3818,
27316,
17384,
8652,4
17456,4
18208,
27293,
20105,4
10697,4
18503,
10640,
20262,
14010,4
8770,6 7
17686,
11271,4
31021,
23884,4
6135,
27076,4
6431,
16225,
27702,4
27195,4
9590,
25643,
7012,
27251,4
5838,
20889,6
26295,6 7
18360,
19703,
18674,4
30092,
28042,
24849,
12879,4
5582,
22084,4
10503,4
12611,4
29504,
3779,4
118,
28829,
24306,
28687,
4158,
9431,6
22594,4
30318,
2912,
21943,4
30106,
4431,
6652,
7691,
18288,4
11534,4
5144,
16134,
6909,
28017,4
18031,
28863,4
14324,
26427,
20281,6 7
20219,
7083,4
6817,4
19751,4
7283,4
1489,4
5807,4 6
27524,4
6644,4
6856,
6420,4
4162,4
21507,4
15715,
11832,4
20821,
18805,
29566,4
6860,4
4723,
25585,
27122,
16543,0
7592,4
7084,
23289,4
23990,
26836,4
29190,
30914,4
24142,
2079,0
10049,
10204,0
9739,
21697,4
15758,4
28384,4
4721,
11965,
22404,4
1449,
23673,
7987,
21997,4 6
15779,
8560,
22717,4
23302,4
23601,4
3118,4
9139,
3960,4
29798,4
27021,6
18393,
10910,
29227,
21406,
9922,
7819,
4232,
3784,6
6792,
8948,
21163,0
9080,
27485,6
10926,4
28814,
14084,
13430,4
12231,
16536,4 6
22247,
9403,4
27270,4
10755,4
27030,
15008,
13503,
6726,
14307,
21407,4
205,
17084,
27598,4
28890,
11339,
9864,4
18163,4
22902,6
25529,
27002,
26556,
18229,
23926,
5194,
22656,4
28381,6
20349,
13195,4
27283,
11159,4
13246,
2981,
17600,
5210,4
9092,4
20428,
11516,4 6
843,
15301,
7970,4
24462,
30193,
17869,
882,
1274,4
8653,
19219,4
17097,
13544,4
20568,4
10100,4
23991,
13275,4
5133,
26414,
9307,
9112,
1378,
11062,
14811,4
6803,
26264,4 6
7014,4
10882,4
18865,4
8774,4
24947,4
22799,4
13243,4
13552,
16851,0
24978,4
18270,
1523,4
10819,
30876,
23641,
4378,4
22820,
20578,4
29196,
29181,4
4108,4
14726,4
14908,
5355,
16312,4
27909,
26179,4
29314,
22592,4
11845,4
25015,
25032,
29532,4
3756,
20750,6 7
1741,
31005,
19075,4
24669,
3517,
4211,4 6
30074,
7839,
9931,4
6118,6
1734,
1125,4
16655,4
29157,
12467,4
7993,
22460,4
20696,6
3170,4
750,
25395,
2491,
26275,4
24015,
29871,
3665,
29446,
4570,4
30336,
6332,4
7505,4
6492,4 6
9930,
21357,
3673,4
23669,
28436,
4982,
9912,
28289,6
529,
5015,
20989,
8859,
8004,
16841,
670,
4184,
659,
7569,
401,
17054,
8457,
19067,4
22937,
27703,
26196,
19106,
24985,4
9035,4
16102,4 6
4179,4
26429,4
22940,4
30760,
19115,
15361,4
27858,
12863,0
28476,
26155,
21155,4
6992,6
1439,
9704,4
18364,4
15025,0
27783,
9927,4
18502,
15416,4
7748,
14508,
13457,4
29844,
18477,
25668,
17283,
20594,
21425,
11793,4
30944,
20654,6
17593,4
5762,6
14441,
28127,
28078,
25866,4
15483,0
6658,4
1175,
11091,
9332,4
15939,
3041,4
23441,
19538,6
5953,
17792,4
10423,4
479,
16397,
29775,6
15377,
26827,4
7698,4
8747,
5796,
28776,
10459,4
15258,
28002,
23836,6
25369,
2332,
8764,0
7380,
1522,4
14617,
2560,
7027,4
28745,
4441,4
30680,
19764,
30132,
8486,4
23110,4
26405,
2442,4
8162,
27915,4
11422,4
27969,
25823,
571,
16749,4
9658,
21427,4
4191,6 7
10713,4
24416,4
20830,
5917,4 6
7140,
19971,
13473,
5378,4
5574,4 6
18471,
27487,4
15923,4
9309,
25204,4
1370,4
11707,
13537,
12354,4
23417,
23250,4
21316,4
2475,4
3732,
17459,6
22751,
4264,
10622,4
1380,
20157,
24797,
16716,4
763,
25352,
11812,
27689,
18156,4
14593,
24014,
11569,
7476,
29020,4
6075,
7790,6 7
17039,0
19777,
8082,4
6921,
5413,
16480,4
5390,
4856,
25766,6 7
29451,
21287,4
21031,4
30902,4
21026,
8432,4
14474,
11321,4
20785,4
26048,
13692,
6857,4
25495,4
21262,
5273,4
19800,4
26388,
21318,
29702,
13213,
20550,4 6
9745,4
491,2 7
15055,
21936,
16791,
8052,
16577,
12867,
2838,6
26703,4
29296,
5043,4
22651,
8638,4
3896,
16484,
26045,
27224,
899,
11014,4
760,4
16942,
21655,4
7232,
5672,
4138,
5748,
14099,
5077,
16628,
17954,4
21580,
13715,
16521,
4040,
19845,4
25079,
26444,4 6
19437,4
23023,4
28349,
12734,
20825,
10746,4
3366,4 6
10252,
29711,
5834,4
26148,4
5450,
24525,4
23888,4
7553,4
13993,4
27904,
28928,
9422,
3826,
13331,4
29335,4
25841,4
2884,
15833,
28272,
20738,6
24969,
22955,
5919,4
3752,
7621,
24299,
26766,0
13899,4
27825,4
21875,6
26061,
3489,4
22337,
23479,4
16886,
27839,
3501,4
3018,
29006,
10231,4
10637,4
25367,4
25231,
26279,4
21820,
15660,
1345,
24908,
24856,0
30725,
10120,4
24761,4
19252,
28213,0
18896,4
12039,
11831,4
19063,4
29565,
2386,4
18296,4
2351,4
10830,4
16621,
24837,
9237,
27626,4
22737,4
5999,4
4758,4
26595,
25354,
9444,6 7
8331,
24701,4
16149,4
25131,
29867,0
8400,4
12930,4
9541,4
27255,
10184,
28263,
4402,6
3095,4
7257,
10363,4
13943,4
8306,4
5319,4
3229,
29252,
30950,
5661,
27055,
27070,4
12153,4
3240,
27423,4
6784,
1664,
18359,4
24408,4
3973,
19295,
22987,
30066,
24948,4
11047,4
27332,4
4285,
20585,
10618,4
518,
17068,
8097,6
18872,4
26736,4
2586,4
6039,4
21897,4
17058,4
4229,
31036,
12053,
29245,
922,
26025,
15110,4
3375,
2509,4
17239,
11936,
6161,4
13621,
10191,
4023,
30847,4
10586,0
29149,4
24840,
9700,
26540,4
1070,
28369,4
22352,4
10062,
27143,
2721,
26154,
11035,
16490,4
13338,
21462,
30494,
21452,
26046,4
3190,6
7186,4
26042,
26283,6 7
28170,4
251,4
17424,4
21599,
4105,4
25202,4
16107,
7789,4
10339,
9917,
2570,4
14895,
27822,
22574,
20579,6
15189,
25157,
17142,
8229,4
25417,4
12819,
19311,
26181,
21938,4
15539,4
22057,4
20960,4
7142,
17767,
25760,4
21504,4
19618,
30872,
5639,4
9569,
1075,4 6
11510,4
3966,4
7579,
22524,6 7
15774,
11112,
13522,4
16169,
7595,
5583,4
29783,
382,
27871,4
16037,
2457,4
12225,
8890,4
30812,4
2012,4
19699,
2587,
1041,4
22418,0
3161,4
28360,4
18689,
12565,
29401,
7303,
25039,
1764,
7962,4
20684,
20649,
15549,
21676,
17496,4
2812,
15766,
18148,
1390,4
12309,
2141,
29224,
28894,4 6
15757,6
24629,6
2880,
8629,
5880,
29288,
1162,
9555,
24864,
30874,
1160,4
17838,4
2336,
12571,4
10724,
16454,
2279,4
27614,
3225,4
1482,
6851,4
25163,4
1871,
1867,
1717,
12965,
28268,
17643,4
12699,4
4545,0
15142,
13035,6
19831,4
17862,4
19243,
3617,4
17707,
15294,4 6
23268,6 7
25694,4
25702,4
15918,4 6
3255,4
12680,
16348,4
20563,
24133,4
30018,4
30782,
4338,4
6374,0
1294,0
2354,
8138,
27589,
9945,
15940,4
26151,
24661,
4404,4
28836,4
17260,4
27184,4
12466,4
29396,
19973,
1151,
8311,
12066,
20961,4
21410,
19448,4
22176,
25739,
2210,
4460,4
5294,
24829,
15839,
26503,
19370,4
9916,
22207,4
12903,
11835,4
22210,
21953,4
28875,
25662,4
11857,4
3005,
4343,
7900,
15925,0
4188,4
26310,
7597,4
23654,4
89,4
25023,4 6
26506,
25267,
21556,
28239,4
2068,
18130,
15836,
21232,4
25628,
5737,
5257,4
20995,
9156,4
23921,4
18029,
14040,
11400,
16722,4
26504,
3421,4
24385,
3532,4
1673,
19947,
11427,4
7051,6
6568,
26178,4
17309,4
26287,
18258,4
29151,
25060,4
26789,
15894,4
22233,4
24327,4
19073,6
5324,
1926,4
17857,4
21202,4
12870,4
30983,
10611,4
19863,4
20918,4
26023,4
3974,4
23801,4
2398,4
1372,
25005,
19669,
26247,0
26636,
12508,
24968,4
7312,
1939,4 6
15143,
8071,
20515,4
8580,4
14824,
22390,6 7
24233,
22489,
15713,
20275,
1858,4
20055,4
10041,
13489,0
14737,4
17033,6
23204,
12705,4
4140,
3606,
16539,4
24391,
8989,
12946,
4891,
26879,4
27200,4
8866,
22925,
156,4
269,4
22375,
30790,
7070,
16946,6
2830,4
16286,
18661,4
6657,
13326,
4247,
20769,4
5745,
25937,6
30767,4
2641,4
30887,0
17233,4
7091,4
28766,
30077,
11888,4
9690,
12076,4
22882,
690,
3807,
5119,
30984,
24210,4
29622,4
23202,4
9776,4
9131,4
29931,
7269,
8463,4
23664,4
17073,
26077,4
10405,
4107,
17840,4
13157,
26371,
15186,6
10961,
24163,
4759,4
4608,
28125,
29106,
22481,
1178,
26571,
6061,
10026,6
6093,4
2453,4
8817,
3553,4
29169,4
28092,
24334,4
28930,4
24365,4
13762,
29295,6
7721,
21618,
16911,
22896,
8130,6
9013,
19124,
12877,
4615,0
21083,
23164,
16872,4
25993,6
2483,
11485,
9723,
4938,4
15280,
3640,0
15790,
29206,
13838,
3701,
25627,
27945,4
16406,
9800,4
25374,
29266,4
20820,
28302,4
12949,
29690,6
9562,0
6529,0
16173,
6070,4
12556,
26734,
23215,
24763,
11204,4
3324,4
17678,6
1199,
4785,
22371,
5692,4
18036,4
26520,
30859,
24607,
14461,
6767,6
17478,4
12638,
1611,4
24750,
499,
1897,
14643,6
14574,4
171,
3066,
30356,4
1376,
27639,
12081,
4528,
21081,4
27894,
17245,4
14959,
22894,
3725,4
18639,4
15074,4
20192,
27789,0
5419,
16144,
23982,6
20292,6 7
14677,4
26821,4
23770,4
5274,
9633,
20938,
21818,
26201,
10215,4
29986,4
6354,
9347,6
11589,
25346,4
30637,
12268,
15394,
28448,6
8160,4
24489,
11487,4
25033,
3884,
23269,4
2082,4
8106,
13535,
28871,
15617,4
20980,
14667,0
27726,4
29081,4 6
15471,
2905,0
13966,
1013,
1299,4
6960,
4349,4
12480,4
27841,
30975,
8835,
14954,4
28143,4
9353,4
12931,
29531,4
29281,4
10263,
14163,
9973,
28401,
21242,4
12408,4
8336,6
5180,4
8460,
3958,
15339,
780,
3226,4
26565,4
1135,
27877,
9472,4
28211,4
2303,
27564,4
8839,
9415,
14411,
14397,6
24901,
20045,
27249,
28526,4
31049,4
6054,4
28762,
16452,4
8537,
28910,6
5382,4
9352,4
2342,
12996,
19355,7
11363,
8600,
17325,
76,
8332,
28006,
1806,
9746,4
23720,
8023,4
27761,
851,
6142,0
7899,4
19877,4
2808,
21769,
3560,
25742,6
6841,
19982,
31061,6
5602,
10568,
28329,
8832,4
14706,4
5197,4
12633,
5357,6
8118,
26109,4
7494,4
26231,4
24498,4
28555,4
17807,4
20524,
14891,
17403,
15465,4
6482,4
10736,
6483,4
18634,
4595,
17661,
10132,
22268,4
9755,4
14460,
284,
14219,
5346,4
2004,
20024,4
24071,4
18714,4
30916,4
27482,4
476,
14647,
27420,4
10370,4
2298,
27285,4
14214,
6281,
28095,
4396,
16718,4
10121,
2387,4
1721,4
61,6
15557,4
20631,4
3256,
24788,
28379,4
22017,
20251,4
21834,
16531,
15882,
3709,0
3903,4
21377,
10157,4
10302,1 2 7
14823,4
26963,
17093,
10792,
26591,4
21700,6
19250,
16212,4
6693,
25849,4
17480,
2699,4
25228,
3798,
18155,6
20352,
9835,
20502,
21467,
15699,
11032,4
5400,4
7793,
8623,4
22135,4
16616,4
43,4
5812,4 6
11221,4
29068,
96,4
19452,4
14374,
1124,
11771,0
22358,
26116,
5272,
10388,4
14083,6
25252,
20888,
22835,
28048,
28388,
4830,
20095,4
24053,
14538,
16672,
15224,
4379,
18095,4
9386,4
17834,4
27882,
8719,
25286,4
18274,
14029,6
25458,
17155,4
18497,4 6
25392,4
20667,
5971,4
9144,
24983,
23294,
24984,4
21602,
17474,
25288,
18886,4
10368,4
12387,
25904,4
28609,6 7
15259,4
25325,4
14127,4
7020,4
15266,4
27146,4
10833,
27108,
6298,
14783,
17584,4 6
30290,4
3542,
6397,4
9299,
5771,
9726,4
16097,
15797,
27484,4
18882,
11143,
2232,4
5010,
10834,
9382,
5744,4
21381,
16614,6
10006,
3519,6
10707,4
26752,
10827,4
17542,
22229,6 7
12524,4
14457,4
10668,4
15441,
27987,4
15608,
14142,
30407,
10638,6
25578,4
17103,
16153,
4201,
23209,4
13645,4
12323,
16383,
19833,4
9623,
18867,4
30350,6
14197,
17198,
14838,4
30466,
9655,
6687,
14432,4
21557,4
25728,4
18601,4
21474,
28927,
80,
21477,6 7
6448,
20136,
29749,
22753,4
13569,
28615,4
21849,
13273,
22038,4
28052,4
15168,4
10811,6 7
29718,4
22245,4
11104,4
4494,
4507,
3596,
24844,
3981,6
28633,
15870,6 7
29662,
23091,
992,4
8384,
5320,
30324,
5085,
25791,
883,4
9287,4
27777,4
14551,4
15962,
18089,
7358,
13909,
24377,4
6880,
3761,4
26111,4
30623,
24292,6
14879,4
19087,4
3562,
3549,
22274,4
25743,4
30177,4
26075,
13545,
20308,6
20929,
456,4
5924,
10205,
13987,
18549,4
19918,4
5653,
25853,
24287,4
28228,
18977,
26761,
23677,
3015,
19029,4
27993,4
11071,
4516,6 7
3801,
29403,
26981,
2487,4
12691,
30503,4
416,
19170,
19404,
20971,
5976,4
29842,
10829,
15661,4
29342,
7147,
17606,
10505,4
24079,6
29067,4
29481,4
17617,6
10429,
17786,
9116,4
20459,4
12130,
17959,
25277,4
26192,6 7
2991,
12450,4
26223,4
14951,
30624,4
1620,
13421,
22998,4
956,
14945,4
21020,4
28331,4
16357,4
13375,
16570,4
9710,4
12745,
21001,
116,4
3651,4
4771,
29686,
22182,4
24482,4
4956,4
4375,4
26539,
20295,4
24640,
27640,
6569,
2087,4
3347,4
8013,4
27476,6
20722,4 6
9511,
9936,
29952,
7162,
3894,
2620,
9291,
5430,6
12566,4 6
9261,6
18983,
2992,
27818,4
13284,6 7
6120,
18641,
21822,4
18002,4
17091,4
14875,
30458,
1057,
9054,
12036,
1597,
9339,4
15357,6 7
25247,
1190,0
2456,
4869,
21069,4
2449,4
6242,4
21068,4
13354,4
24294,4
23902,
522,4
27821,
30590,
5740,
4782,4
12531,
25892,
1475,4
19510,
23031,
19011,4
30561,
30061,4
28405,4
26542,
12317,4
8775,4
5420,4
15611,6
24373,
12962,
11624,4
25382,
1490,
11882,0
25819,4
15575,4
23785,
12093,4
15561,4
25384,4
619,
11095,4
11870,4
15824,
25584,4
15626,
4117,
14372,
28193,
15822,
4980,
17708,
2032,4
17279,4 6
30630,4
135,4
18997,
30959,4
16713,4
473,
7121,
12212,
2459,4 6
2243,4
14505,4
5201,
25129,
25046,4
21883,4
29982,
29501,
19993,4
26431,4
21755,
11883,4
15591,
16880,4
18673,4
1837,4
7850,4
2501,6
11268,4
5777,4
3273,
12300,
17271,
6464,4
22639,6
276,
3312,
11089,4
21034,4
27754,6
10732,
1536,4
6555,
20076,4
13826,6 7
19994,
20997,
7735,
19414,4
25678,4
30433,4
28884,
2913,
6923,4
17149,4
3792,4
30924,6
8951,
30305,4
17367,4
15038,4
17169,4
3499,
28446,6
21920,
4226,4
17379,4
2933,
3703,
6314,
288,4
3653,4
14780,4
20017,4
26771,
13300,
20735,
12989,
622,4 6
16360,4
10774,4
16709,
1499,
12495,
15624,
26835,
15000,
10761,
18096,
3151,
25712,
3056,
28036,4
28945,
7953,4
26661,4
8594,0
3868,4
30489,
16119,4
5124,
2718,
25481,
13139,
24974,4
3183,
25293,6
11458,
25338,4
30268,
6237,
15175,
2404,4
16953,
30310,
10390,
1084,
15399,4
23327,4
17206,
18154,4
28273,4
12616,
1928,4
17050,
6476,
18788,
19043,
9674,
19074,
17382,4
18809,4
27173,
13328,
29673,4
13724,
18637,
3025,
16989,4
3411,0
17021,
11208,4
9705,
16640,
27409,4 6
16732,4
19214,
11664,
27470,4 6
19974,
27148,4
7230,
16083,4
22856,4
21836,6
24072,4
20357,7
21802,4
22309,
412,
10675,
29079,0
18300,6
19917,
4619,4
13062,6
26149,4
14250,
9000,
12241,4
2215,4
72,
14922,4 6
24000,
21573,
14719,4
25713,4
10022,4
20903,
11069,4
11551,
14998,
24935,
22100,6
22051,4
29043,4
1116,4
6815,
2090,4
19597,
19182,6
29365,4
6894,4
17106,
3215,4
22022,
18636,
17509,
54,
27873,
5854,4
21272,
15128,4
22659,
9413,6
16624,6
25894,4
20330,
30112,
23428,
6369,6
30111,4
23932,
7999,
11790,4
17252,
14562,
4950,
19641,
20415,
19745,
14200,
16952,4
5992,4
24156,
11355,
413,4
12893,4
26987,
17460,
4125,
26515,0
21217,
9773,4
26164,4
8773,4
23750,
1915,4
29851,
20048,
5313,
2276,
8669,4
16256,4
2182,4
986,4
20933,0
2480,4
4503,
28276,
24746,4 6
18776,
258,
18708,4
6526,
22752,
20474,4
26246,0
10978,
28706,
30629,7
10662,
14129,
24703,4
16335,6
2771,4
10297,4
20792,4
23197,4
30931,
6209,4
4636,
28618,
13832,4
5239,
11090,
203,4
2396,
27328,
9558,
16831,
27988,4
5303,4
19602,6
8828,
17993,
25152,
21066,
21747,
9614,
11803,4
29445,4
6021,
10947,
8700,
328,
20695,
18518,4
19369,
16051,6 7
10623,4
1605,4
28774,6 7
81,
24899,4
10756,4
29304,
29406,
6151,
21326,
3020,
14110,4
3946,4
4643,4
28661,
16234,4
4733,4
7541,6
21006,4
20036,4 6
1525,
15692,6
12361,4
3395,4
28279,4
10917,
10449,4
9959,6
11852,
17110,
1904,6
4715,4
27899,6
5332,
23580,
22852,
25243,4
20133,
10597,4
26978,
17219,
1510,2 7
16012,4
25248,
3722,4
29664,
147,
10129,
27317,4
15057,4
4313,4
28121,
913,
28987,4
26883,4
13592,
14095,
2006,
18276,6
2920,
24422,4
20843,4
28873,4
24296,
1394,4
14364,
29658,
9030,
20014,
21078,4
30218,0
13654,4
10402,
26600,4
7049,
19816,4
28553,4
5335,4
6920,
6102,
18419,
26051,4
26762,4 6
2328,4
12998,
11250,4
24113,4
28001,
3736,4
19861,
20057,
18347,
9252,
6918,6 7
580,
13348,4
3150,
9033,4
18204,4
21007,4
12563,
19709,
9068,
15602,
7124,
21748,
21991,
25630,
18189,
16889,4
15372,
22034,
21192,
6816,
29663,4
18894,4
28582,4
25716,4
11824,
8325,
18110,4
25305,
22721,
5078,
6322,4
15723,4
17448,6
28504,
905,6 7
22225,6 7
2450,4
2811,4
12258,0
23919,4
27325,
12433,4
3468,
8786,4
9057,4
29111,4
11690,4
574,
17940,6 7
2746,4
2881,4
19158,4
1892,0
6762,4
4239,
4634,
8957,
23381,
24500,
1804,4
2074,
26548,
13321,4
19046,4
31069,
21634,
7676,
7914,
19599,4
19373,
15743,4
22780,
3988,
2042,4
25605,
3540,4
6945,
30517,4
17104,
28519,
19317,
30228,4
1341,
29232,4
4071,
2782,
25848,
26941,4
14926,4
29813,
22075,4
12982,
12917,6
11622,
18261,4
21137,6 7
13897,
19719,4
21371,4
29212,6
9852,4
6349,
29786,4
9597,
23791,4
2906,
22681,4
25959,
14661,4 6
23238,4
15959,
16878,4
10876,4
22472,
8453,
4940,4
20867,4
20596,4
2521,4
3821,4
18938,4
4572,
30230,4
29998,
1668,4
21798,4
6911,
29583,
25273,4
12543,
24981,
2728,
20740,4
8408,4
16489,4
2516,4
3584,
23185,
30137,4
29897,4
11190,
22355,6 7
7349,4
20108,
19925,
23103,4
20090,
15036,4
8256,
23569,
12515,4
27110,4
5128,4
22566,
24493,4
21691,
6855,
3799,6
6270,
13576,
13988,
22244,
16843,
18290,4
21596,
163,
4793,4
3513,4
30149,
19396,0
30904,4
400,0
21550,
540,4
29758,4
555,4
15875,
19287,
1703,4
8175,
10994,
3961,
15902,
29919,4
16222,4
16079,4
30587,
5080,4
22837,
23986,4
22016,4
30232,
3593,
26080,
15056,4
4341,4
13818,4
1229,4
24024,4
7788,4
1006,
27766,4
26713,4
13746,
10970,
14019,
13739,0
16008,4
25420,
17017,
9609,4
4677,4
30889,4
20333,
11113,6
17731,4
8043,
4928,
18957,4
11887,4
7964,
21187,2 7
11566,
2896,
9083,4 6
24338,4
9956,4
4640,
9666,4
27087,
30186,
2023,4
6164,
29320,4
21995,4
17797,
589,
3076,
31030,
22593,4
20484,
12623,4
24401,
14310,0
6008,6 7
19500,
765,
1494,
16105,
3809,0
11978,4
2893,4
22142,6
5660,
2183,4
3249,
474,
11498,4
8691,4
28386,4
24222,
8348,4
29754,
16438,
9942,
9435,6
20509,4
15068,4
12285,
25235,
17365,4
22804,4
26522,0
15420,
26683,
18703,
1509,
27492,4
16285,4
27927,4
8790,
9620,4
21642,
19916,4
12832,
27642,
21332,
26834,
1809,4
20710,4
9072,6 7
19175,4 6
17129,4
7467,4
12932,
2658,
2460,
18969,4
27968,
7593,
18367,
10347,4
13132,
21359,4
26820,
11264,
5424,
10435,
10010,4
29023,
10814,4 6
99,4
8674,4
13623,
13633,
12865,
11552,6 7
7382,4
5193,4
18281,4
8090,
6746,4
4871,
10899,
30051,
5591,
10554,
19160,
12449,
16236,
15577,
28918,4
6208,4
20583,4
22647,
6442,4
454,4
18170,4
30359,6 7
4005,6
10469,4
1501,
15129,
22996,4
22468,4
12675,4
15312,
14406,
1706,4
27267,
29724,4
21633,
8680,4
1731,4
18834,
14170,
16960,4
26410,
12792,4
16435,
13335,6
18577,4
18745,
20311,
8265,4
5236,0
1277,
28298,4
639,
27125,4
16613,
3177,
19047,
20616,
22808,4
23778,4
12798,
5222,
23835,
13209,4
21267,6
11077,4
19830,
11530,
20611,
14710,4
10944,4
29042,4
1941,4
15427,4
3174,
7527,4
19896,
11722,4
9696,6
24185,4
20483,4 6
8053,4
14175,
3286,6
18675,4
24405,4
2588,4
10824,
3252,
24562,
28227,
3370,4
1710,
11123,4
26315,4
28231,
6929,4
17261,4
29680,
1186,4
18694,4
11170,
26334,
21003,
17776,
13808,4
26622,
13881,
8842,4
22959,
19094,4
1714,4
13480,4
15345,4
8769,4
5774,
4597,
1587,
13182,
24936,4
24160,
3887,4
27425,4
26578,4
17960,
3319,4
5470,4
9772,4
28432,4
13507,
26826,4
16339,
22703,
5957,
25583,4
24440,4
19032,
6409,
20234,4
12810,
30941,4
7081,
19712,4
1850,
10757,
13964,4
2510,
30866,
20139,4
4266,
18395,4
27663,
18191,4
5444,
10854,
9689,
5565,
11779,4
1797,4 6
2861,4
11483,
29743,
1412,6 7
12586,4
19028,4
75,
18767,
12756,4
18462,4
14,4
21116,6 7
9145,
17927,4
19236,
20368,4
10216,4
9283,
28212,
14172,
7598,
12643,6 7
8852,
22458,
16415,4
26193,4
28385,
4696,
18953,4
24150,4
14088,
26739,
20062,
2060,
29877,
27619,
16090,4
7745,
18402,4
15556,4
9174,4
20050,
7337,4
26440,
4435,
16320,
7596,
15585,
5670,4
10842,4
23927,4
15230,
29422,
14220,4
1831,
26859,
16537,
6673,
20012,6
27497,
3697,4
1909,
26699,
25572,
26998,
11861,4
30897,
2195,
23649,4
11258,
12677,4
6983,
11130,4
5372,6 7
8018,
12261,
3872,
6493,4
15890,4
29099,
5973,4
5211,4
13158,
28084,4
18943,4
27291,
4922,4
22302,
19687,4
16309,
29698,
16305,
27788,
27360,4
19904,4
15720,
9105,4
15685,
25010,
28732,
16084,
4649,4
11048,
7004,
2217,
19539,
26969,4
22386,
13467,
14689,
12032,4
9682,
1092,
27906,
15211,4
22892,
7255,
3886,4
19245,
1046,
21759,4
19542,
7935,
13933,
20505,4
6293,6 7
14287,4
9695,
6204,
6255,
16917,4
13500,
29709,4
16187,
29912,4
24016,4
17280,4
7340,
5865,4
849,
30925,
29802,
4995,
19948,
1676,
7532,4 6
7227,4
3101,
28750,0
11244,4
1834,4
4973,
7178,
7361,4
30347,4
4455,4
22637,
12625,
24784,
4979,
25575,
5282,4 6
26028,
13894,
11203,
18598,
9327,4
23634,
19829,
9453,4
22376,
9729,4
8164,
27800,4
19865,
23784,
23055,
14903,
20580,4
5245,
11064,4
16411,
11574,
20247,
17665,
7750,4
25081,4
9712,4
30601,
13248,
23943,
26829,
13217,
26212,
19112,4
17482,4
819,4
1577,4
12332,4
15379,
10683,
15775,
11300,4
17489,4
30594,
28460,4
9021,4
1122,4
21641,4
18875,6 7
17634,
17691,4
28835,
14982,4
16626,4
15066,
21312,
15893,
22844,
30843,
10561,
8154,
11600,
1554,4
29974,4
25673,
23714,4
27150,4
9019,
20887,4
24751,
25821,4
29494,4 6
18486,
24808,6
11596,
30029,
5153,4
16500,
26896,
9181,
29364,4
16743,
9219,
12303,
8238,
21354,4
21766,4
30868,
12909,
24,4
17975,4
9576,4
21035,4
4949,
19273,4
16618,
25373,4 6
12973,4
25383,4
22933,4
27697,
30229,4
14545,
23977,
15395,
22499,6
19248,4
21513,4
526,
12790,
8288,4
8520,
9118,
14454,6
7345,4
16250,4
6727,6
13014,
11782,0
29862,
17323,
23403,4
23553,4
19617,4
8499,
2368,4
14670,
812,
30915,
2982,
17414,4 6
20223,
12031,
1422,4
